entry_idx,exit_idx,entry_time,exit_time,side,entry_price,exit_price,size,pnl,exit_reason,regime_at_entry
47,57,2024-09-13 01:15:00+00:00,2024-09-13 03:45:00+00:00,short,0.5577,0.562527621271032,41428.270523227904,-223.30454647080637,sl,TREND_DOWN
76,104,2024-09-13 08:30:00+00:00,2024-09-13 15:30:00+00:00,short,0.5659,0.5715664125054627,34425.98256888431,-214.74855349504105,sl,TREND_DOWN
104,147,2024-09-13 15:30:00+00:00,2024-09-14 02:15:00+00:00,short,0.5708,0.5760664414510439,36151.01688120207,-211.2126014501423,sl,TREND_DOWN
155,171,2024-09-14 04:15:00+00:00,2024-09-14 08:15:00+00:00,short,0.5774,0.580843806467512,53937.48560354851,-217.07951621208574,sl,TREND_DOWN
195,211,2024-09-14 14:15:00+00:00,2024-09-14 18:15:00+00:00,short,0.5877,0.5944557360945496,26760.34096428044,-196.69363954090616,sl,TREND_DOWN
235,277,2024-09-15 00:15:00+00:00,2024-09-15 10:45:00+00:00,short,0.5925,0.5844984033699689,33094.15526904241,245.46260035886198,tp,TREND_DOWN
277,296,2024-09-15 10:45:00+00:00,2024-09-15 15:30:00+00:00,long,0.584,0.5894017384240636,50276.723779424916,241.94852227749533,tp,RANGE
298,302,2024-09-15 16:00:00+00:00,2024-09-15 17:00:00+00:00,long,0.5871,0.5837654906294238,55572.257115403256,-217.74737803573498,sl,RANGE
302,318,2024-09-15 17:00:00+00:00,2024-09-15 21:00:00+00:00,long,0.5829,0.5791358308482657,47898.68037905362,-208.0385771494722,sl,RANGE
348,350,2024-09-16 04:30:00+00:00,2024-09-16 05:00:00+00:00,short,0.5694,0.5744919931756433,34481.499616421475,-195.38890617508628,sl,TREND_DOWN
360,397,2024-09-16 07:30:00+00:00,2024-09-16 16:45:00+00:00,short,0.5713,0.5762313622690935,34732.61503521901,-191.29312936854157,sl,TREND_DOWN
419,445,2024-09-16 22:15:00+00:00,2024-09-17 04:45:00+00:00,short,0.5826,0.588925146994472,26411.463637267196,-182.61076494978263,sl,TREND_DOWN
453,481,2024-09-17 06:45:00+00:00,2024-09-17 13:45:00+00:00,short,0.5879,0.5819372515522304,41028.83836209188,220.76843282653516,tp,RANGE
481,483,2024-09-17 13:45:00+00:00,2024-09-17 14:15:00+00:00,long,0.5817,0.5873406651488325,44417.46904118469,224.45588380908197,tp,RANGE
489,522,2024-09-17 15:45:00+00:00,2024-09-18 00:00:00+00:00,short,0.5907,0.5830727451084468,33629.74235541217,236.89403068953297,tp,TREND_DOWN
522,524,2024-09-18 00:00:00+00:00,2024-09-18 00:30:00+00:00,long,0.5826,0.5792848205153684,52890.74821995196,-205.9811310151163,sl,RANGE
536,551,2024-09-18 03:30:00+00:00,2024-09-18 07:15:00+00:00,short,0.5819,0.5764396696321075,46867.059219591916,228.89359457738428,tp,RANGE
551,561,2024-09-18 07:15:00+00:00,2024-09-18 09:45:00+00:00,long,0.5762,0.5730204865942866,54926.28228884664,-206.11273586735808,sl,RANGE
561,563,2024-09-18 09:45:00+00:00,2024-09-18 10:15:00+00:00,long,0.573,0.5698300468146007,53591.84055191237,-200.4218666795204,sl,RANGE
565,576,2024-09-18 10:45:00+00:00,2024-09-18 13:30:00+00:00,long,0.571,0.5674723283806697,46847.05484973887,-191.84543313598766,sl,RANGE
576,584,2024-09-18 13:30:00+00:00,2024-09-18 15:30:00+00:00,long,0.5677,0.5638956932072754,42291.31155279338,-184.73701225823095,sl,RANGE
585,592,2024-09-18 15:45:00+00:00,2024-09-18 17:30:00+00:00,short,0.5644,0.5691152644562807,33235.50767301023,-175.6290427556528,sl,TREND_DOWN
610,616,2024-09-18 22:00:00+00:00,2024-09-18 23:30:00+00:00,short,0.5797,0.585298314172311,27298.65814018336,-168.8043233398784,sl,TREND_DOWN
635,675,2024-09-19 04:15:00+00:00,2024-09-19 14:15:00+00:00,short,0.5859,0.590159441251261,35012.54480217035,-169.7968615192214,sl,TREND_DOWN
682,684,2024-09-19 16:00:00+00:00,2024-09-19 16:30:00+00:00,short,0.5873,0.5918068100599709,32246.236579260833,-164.4112058180255,sl,TREND_DOWN
687,716,2024-09-19 17:15:00+00:00,2024-09-20 00:30:00+00:00,short,0.5905,0.5828124965762125,27641.09500661469,196.38143691168187,tp,TREND_DOWN
722,728,2024-09-20 02:00:00+00:00,2024-09-20 03:30:00+00:00,short,0.5813,0.585883022544213,31695.64648771432,-163.8318035723135,sl,TREND_DOWN
732,766,2024-09-20 04:30:00+00:00,2024-09-20 13:00:00+00:00,short,0.5902,0.5834201687132936,31331.915226289264,194.1454278561944,tp,TREND_DOWN
772,798,2024-09-20 14:30:00+00:00,2024-09-20 21:00:00+00:00,short,0.5824,0.587256412725266,29884.15680237145,-162.67946209995927,sl,TREND_DOWN
801,813,2024-09-20 21:45:00+00:00,2024-09-21 00:45:00+00:00,short,0.5868,0.5813454637646166,38920.29863887147,189.66604015559514,tp,TREND_DOWN
813,863,2024-09-21 00:45:00+00:00,2024-09-21 13:15:00+00:00,long,0.5812,0.5859977411002124,45291.52427076083,190.75627657144358,tp,RANGE
870,876,2024-09-21 15:00:00+00:00,2024-09-21 16:30:00+00:00,long,0.5847,0.5883705937025312,60543.33733853645,186.6080734304466,tp,RANGE
915,949,2024-09-22 02:15:00+00:00,2024-09-22 10:45:00+00:00,short,0.5985,0.5907637219054345,29312.05956091572,209.449742884793,tp,TREND_DOWN
955,960,2024-09-22 12:15:00+00:00,2024-09-22 13:30:00+00:00,long,0.591,0.5874313273931842,43437.89491938711,-180.53240596822184,sl,RANGE
960,993,2024-09-22 13:30:00+00:00,2024-09-22 21:45:00+00:00,long,0.5876,0.5839012629443787,40795.42270514346,-174.7120404991314,sl,RANGE
1010,1015,2024-09-23 02:00:00+00:00,2024-09-23 03:15:00+00:00,short,0.5899,0.5951981326150108,27730.123746881014,-163.42279091296186,sl,TREND_DOWN
1017,1035,2024-09-23 03:45:00+00:00,2024-09-23 08:15:00+00:00,short,0.5937,0.5855383081071673,26340.541723206446,199.55998959988213,tp,TREND_DOWN
1035,1189,2024-09-23 08:15:00+00:00,2024-09-24 22:45:00+00:00,short,0.588,0.5925150905617209,32557.6391909526,-166.29158195668919,sl,TREND_DOWN
1194,1200,2024-09-25 00:00:00+00:00,2024-09-25 01:30:00+00:00,long,0.5909,0.5953971216441641,47794.564374164685,186.48122386183888,tp,RANGE
1201,1213,2024-09-25 01:45:00+00:00,2024-09-25 04:45:00+00:00,long,0.5926,0.5892191921821838,43320.051347086584,-171.98177392245253,sl,RANGE
1213,1219,2024-09-25 04:45:00+00:00,2024-09-25 06:15:00+00:00,long,0.5893,0.5862488803556459,46705.38036720671,-169.88468048227497,sl,RANGE
1219,1242,2024-09-25 06:15:00+00:00,2024-09-25 12:00:00+00:00,long,0.5865,0.5909916894001395,46270.63270730458,180.4877510758421,tp,RANGE
1244,1257,2024-09-25 12:30:00+00:00,2024-09-25 15:45:00+00:00,long,0.5896,0.5866853091755833,48589.215578624404,-170.1291197769685,sl,RANGE
1257,1292,2024-09-25 15:45:00+00:00,2024-09-26 00:30:00+00:00,long,0.5852,0.5816171427411473,38418.218880161025,-159.99168908126262,sl,RANGE
1292,1293,2024-09-26 00:30:00+00:00,2024-09-26 00:45:00+00:00,long,0.5814,0.5783271028275925,43606.24721672555,-159.21618838961325,sl,RANGE
1300,1316,2024-09-26 02:30:00+00:00,2024-09-26 06:30:00+00:00,short,0.5819,0.5856754059592422,34514.47022330442,-150.5204129206528,sl,TREND_DOWN
1322,1347,2024-09-26 08:00:00+00:00,2024-09-26 14:15:00+00:00,long,0.5874,0.5919071010081796,42231.37511273589,165.3440225328512,tp,RANGE
1362,1395,2024-09-26 18:00:00+00:00,2024-09-27 02:15:00+00:00,short,0.593,0.5860157004736006,27856.36440644918,178.23292583087724,tp,TREND_DOWN
1395,1409,2024-09-27 02:15:00+00:00,2024-09-27 05:45:00+00:00,long,0.5846,0.5903425761093034,34724.592584893755,178.90921034239264,tp,RANGE
1411,1426,2024-09-27 06:15:00+00:00,2024-09-27 10:00:00+00:00,long,0.5902,0.5866786699858803,38653.367027073145,-158.78836741713656,sl,RANGE
1426,1443,2024-09-27 10:00:00+00:00,2024-09-27 14:15:00+00:00,long,0.5869,0.5920573967693831,38530.842891403,175.9063741121152,tp,RANGE
1446,1456,2024-09-27 15:00:00+00:00,2024-09-27 17:30:00+00:00,short,0.5927,0.58605560688559,30599.878697929216,185.384392841362,tp,TREND_DOWN
1457,1492,2024-09-27 17:45:00+00:00,2024-09-28 02:30:00+00:00,short,0.5878,0.5924229087628166,30043.863341354478,-156.68871202076886,sl,TREND_DOWN
1492,1502,2024-09-28 02:30:00+00:00,2024-09-28 05:00:00+00:00,long,0.5917,0.5893210634295902,56917.47770661621,-168.94573770154534,sl,TREND_UP
1502,1506,2024-09-28 05:00:00+00:00,2024-09-28 06:00:00+00:00,long,0.5891,0.5868038421604235,57204.51388950255,-164.9184215658226,sl,RANGE
1506,1512,2024-09-28 06:00:00+00:00,2024-09-28 07:30:00+00:00,long,0.5867,0.5902956722741622,53138.14690283142,159.7001433694611,tp,RANGE
1555,1567,2024-09-28 18:15:00+00:00,2024-09-28 21:15:00+00:00,short,0.6239,0.6134211009923688,18601.484865381954,183.51253797010256,tp,TREND_DOWN
1567,1603,2024-09-28 21:15:00+00:00,2024-09-29 06:15:00+00:00,short,0.6163,0.6221295272976727,22881.248424501573,-147.62196256177864,sl,TREND_DOWN
1662,1682,2024-09-29 21:00:00+00:00,2024-09-30 02:00:00+00:00,short,0.6426,0.6502670218455661,16975.612095251327,-141.1910694973329,sl,TREND_DOWN
1731,1768,2024-09-30 14:15:00+00:00,2024-09-30 23:30:00+00:00,short,0.6249,0.6121818955642072,14991.667680659659,181.48796769091425,tp,TREND_DOWN
1775,1800,2024-10-01 01:15:00+00:00,2024-10-01 07:30:00+00:00,short,0.6207,0.6267548863647375,21561.559118766185,-144.06660284602773,sl,TREND_DOWN
1803,1811,2024-10-01 08:15:00+00:00,2024-10-01 10:15:00+00:00,short,0.6274,0.6324690174817118,25133.82396461029,-143.30015800733307,sl,TREND_DOWN
1816,1824,2024-10-01 11:30:00+00:00,2024-10-01 13:30:00+00:00,short,0.6312,0.6241945679074493,26598.447255177172,169.73100972197997,tp,TREND_DOWN
2071,2079,2024-10-04 03:15:00+00:00,2024-10-04 05:15:00+00:00,short,0.5232,0.529514379991895,20157.36338885027,-137.95486584903114,sl,TREND_DOWN
2080,2085,2024-10-04 05:30:00+00:00,2024-10-04 06:45:00+00:00,short,0.5288,0.5207801325087111,23250.613848568526,174.3583843956801,tp,TREND_DOWN
2086,2091,2024-10-04 07:00:00+00:00,2024-10-04 08:15:00+00:00,short,0.5215,0.5266904421189442,24574.495655145874,-140.49564928174073,sl,TREND_DOWN
2092,2114,2024-10-04 08:30:00+00:00,2024-10-04 14:00:00+00:00,short,0.527,0.5197288003270655,25680.687766353814,173.38241544306507,tp,TREND_DOWN
2140,2350,2024-10-04 20:30:00+00:00,2024-10-07 01:00:00+00:00,short,0.5337,0.5390667218415439,23791.664624085246,-140.5085408408262,sl,TREND_DOWN
2353,2355,2024-10-07 01:45:00+00:00,2024-10-07 02:15:00+00:00,long,0.5391,0.5440531972585112,37738.99462381178,166.396664023226,tp,TREND_UP
2361,2383,2024-10-07 03:45:00+00:00,2024-10-07 09:15:00+00:00,short,0.5407,0.5345446927275217,31080.533172676754,174.69629781568304,tp,TREND_DOWN
2388,2395,2024-10-07 10:30:00+00:00,2024-10-07 12:15:00+00:00,short,0.5334,0.5378098870930484,29637.487965801713,-146.6373097073774,sl,TREND_DOWN
2402,2437,2024-10-07 14:00:00+00:00,2024-10-07 22:45:00+00:00,short,0.5414,0.533991337983897,25804.0634985077,177.39443870951482,tp,TREND_DOWN
2442,2503,2024-10-08 00:00:00+00:00,2024-10-08 15:15:00+00:00,short,0.5307,0.5230906553611834,25767.831261607946,182.59739692257563,tp,TREND_DOWN
2513,2522,2024-10-08 17:45:00+00:00,2024-10-08 20:00:00+00:00,short,0.5296,0.5338088373136168,31860.577469514308,-151.1034451022148,sl,TREND_DOWN
2532,2619,2024-10-08 22:30:00+00:00,2024-10-09 20:15:00+00:00,short,0.531,0.5253795383751217,34891.20463961037,177.7735517357947,tp,TREND_DOWN
2619,2621,2024-10-09 20:15:00+00:00,2024-10-09 20:45:00+00:00,long,0.527,0.5233448137907152,36638.72917054965,-153.09606648520517,sl,RANGE
2624,2681,2024-10-09 21:30:00+00:00,2024-10-10 11:45:00+00:00,short,0.5254,0.5296074925127997,31009.74836148546,-146.89627912793287,sl,TREND_DOWN
2711,2733,2024-10-10 19:15:00+00:00,2024-10-11 00:45:00+00:00,short,0.5279,0.5346808110298163,18760.22019741447,-137.24023778666233,sl,TREND_DOWN
2741,2761,2024-10-11 02:45:00+00:00,2024-10-11 07:45:00+00:00,long,0.5348,0.5403646929944096,33496.89722344279,168.29940872933742,tp,TREND_UP
2763,2775,2024-10-11 08:15:00+00:00,2024-10-11 11:15:00+00:00,long,0.538,0.5349054853197226,41129.01420338558,-149.27447354089966,sl,RANGE
2775,2799,2024-10-11 11:15:00+00:00,2024-10-11 17:15:00+00:00,long,0.5355,0.5398514042225951,42691.8395437681,162.72220133455895,tp,RANGE
2803,2839,2024-10-11 18:15:00+00:00,2024-10-12 03:15:00+00:00,long,0.5385,0.5357235903542459,45614.131615240585,-151.08008135905865,sl,RANGE
2839,2860,2024-10-12 03:15:00+00:00,2024-10-12 08:30:00+00:00,long,0.5355,0.5388501442749002,55130.75217256321,154.98875999968567,tp,RANGE
2862,2870,2024-10-12 09:00:00+00:00,2024-10-12 11:00:00+00:00,long,0.538,0.5407820289540549,67741.9121585732,151.82635232585258,tp,RANGE
2872,2878,2024-10-12 11:30:00+00:00,2024-10-12 13:00:00+00:00,long,0.5393,0.5424610731548816,60714.000509400794,158.986415263877,tp,RANGE
2881,2892,2024-10-12 13:45:00+00:00,2024-10-12 16:30:00+00:00,long,0.5418,0.5395823362603043,58833.295080242744,-162.2178719955595,sl,TREND_UP
2892,2899,2024-10-12 16:30:00+00:00,2024-10-12 18:15:00+00:00,long,0.5396,0.5372846892649839,54675.42142242379,-155.96685697024705,sl,RANGE
2899,2935,2024-10-12 18:15:00+00:00,2024-10-13 03:15:00+00:00,long,0.5381,0.5355351269907844,47909.27091983132,-148.53829335956075,sl,RANGE
2935,2957,2024-10-13 03:15:00+00:00,2024-10-13 08:45:00+00:00,long,0.5358,0.5339359175636146,64050.18796494641,-153.5935263138304,sl,RANGE
2957,2962,2024-10-13 08:45:00+00:00,2024-10-13 10:00:00+00:00,long,0.5349,0.5331253933161123,65161.818188807294,-150.37601804323577,sl,RANGE
2962,2969,2024-10-13 10:00:00+00:00,2024-10-13 11:45:00+00:00,long,0.533,0.5310596026962711,57685.081496032035,-142.5661930610712,sl,RANGE
2969,2981,2024-10-13 11:45:00+00:00,2024-10-13 14:45:00+00:00,long,0.5312,0.5288680636704782,46513.16092860916,-133.06505512582348,sl,RANGE
2981,2983,2024-10-13 14:45:00+00:00,2024-10-13 15:15:00+00:00,long,0.5286,0.5259076060122058,39113.990494523605,-125.88061794865374,sl,RANGE
2983,2988,2024-10-13 15:15:00+00:00,2024-10-13 16:30:00+00:00,long,0.5256,0.5301429687546215,33803.60494735845,135.64797758801947,tp,RANGE
2995,3008,2024-10-13 18:15:00+00:00,2024-10-13 21:30:00+00:00,short,0.527,0.5300725828797571,34087.5307631896,-122.80562891180662,sl,TREND_DOWN
3009,3031,2024-10-13 21:45:00+00:00,2024-10-14 03:15:00+00:00,long,0.5295,0.5333499740378491,39709.89178694406,131.70278267192128,tp,TREND_UP
3050,3075,2024-10-14 08:00:00+00:00,2024-10-14 14:15:00+00:00,long,0.5381,0.5428095163619906,33167.38541038506,138.198771841053,tp,RANGE
3077,3080,2024-10-14 14:45:00+00:00,2024-10-14 15:30:00+00:00,long,0.5425,0.5475851893559648,31427.12594168213,142.60385761751755,tp,RANGE
3091,3119,2024-10-14 18:15:00+00:00,2024-10-15 01:15:00+00:00,short,0.5472,0.5509477074312942,29098.594021348767,-125.08482071955655,sl,TREND_DOWN
3123,3130,2024-10-15 02:15:00+00:00,2024-10-15 04:00:00+00:00,short,0.5524,0.5462303740784007,25828.03243906905,145.24124261908648,tp,TREND_DOWN
3131,3136,2024-10-15 04:15:00+00:00,2024-10-15 05:30:00+00:00,short,0.549,0.5431394116137649,27860.430182825396,148.14641590817573,tp,RANGE
3136,3159,2024-10-15 05:30:00+00:00,2024-10-15 11:15:00+00:00,long,0.5432,0.5391814808764076,27748.869606405176,-126.47103977843933,sl,RANGE
3184,3264,2024-10-15 17:30:00+00:00,2024-10-16 13:30:00+00:00,short,0.5425,0.5487119720031686,17495.00458163757,-118.27819712063356,sl,TREND_DOWN
3274,3289,2024-10-16 16:00:00+00:00,2024-10-16 19:45:00+00:00,short,0.5484,0.5531406735119925,22385.657574995384,-118.50551162235615,sl,TREND_DOWN
3290,3312,2024-10-16 20:00:00+00:00,2024-10-17 01:30:00+00:00,short,0.5529,0.5468602672923777,25706.63209787994,141.20325098414423,tp,TREND_DOWN
3312,3323,2024-10-17 01:30:00+00:00,2024-10-17 04:15:00+00:00,long,0.5471,0.5517680820257417,34076.28388492659,140.268682505545,tp,RANGE
3340,3344,2024-10-17 08:30:00+00:00,2024-10-17 09:30:00+00:00,short,0.553,0.5584715243797634,19826.242614323044,-119.55216175891645,sl,TREND_DOWN
3345,3362,2024-10-17 09:45:00+00:00,2024-10-17 14:00:00+00:00,short,0.5578,0.5498670830005666,20018.38321624467,147.79672253181417,tp,TREND_DOWN
3364,3404,2024-10-17 14:30:00+00:00,2024-10-18 00:30:00+00:00,short,0.5501,0.5410242899774341,17949.348994567652,153.1920527731878,tp,TREND_DOWN
3412,3427,2024-10-18 02:30:00+00:00,2024-10-18 06:15:00+00:00,short,0.5439,0.5483006722345651,25329.861913971272,-125.35680034522012,sl,TREND_DOWN
3446,3453,2024-10-18 11:00:00+00:00,2024-10-18 12:45:00+00:00,short,0.5502,0.5449639965533939,31136.079328544816,146.06057645017523,tp,RANGE
3453,3509,2024-10-18 12:45:00+00:00,2024-10-19 02:45:00+00:00,long,0.5441,0.5495921091426904,30388.417183642512,150.1952695527065,tp,RANGE
3509,3529,2024-10-19 02:45:00+00:00,2024-10-19 07:45:00+00:00,long,0.5485,0.5459832045605548,45270.884056365074,-138.6546968830939,sl,TREND_UP
3529,3542,2024-10-19 07:45:00+00:00,2024-10-19 11:00:00+00:00,long,0.5462,0.5440335330795358,51082.17344635733,-138.45825429435047,sl,RANGE
3544,3565,2024-10-19 11:30:00+00:00,2024-10-19 16:45:00+00:00,long,0.5435,0.5413224284231124,49293.74234474364,-134.02446056045343,sl,RANGE
3565,3591,2024-10-19 16:45:00+00:00,2024-10-19 23:15:00+00:00,long,0.5412,0.5446549184681634,45207.00315390816,131.56429346977518,tp,RANGE
3596,3606,2024-10-20 00:30:00+00:00,2024-10-20 03:00:00+00:00,long,0.5438,0.5419671033877407,57977.25011565597,-137.6880676326629,sl,RANGE
3607,3625,2024-10-20 03:15:00+00:00,2024-10-20 07:45:00+00:00,long,0.5418,0.5398661214935312,53199.81739082638,-131.6027624791314,sl,RANGE
3625,3629,2024-10-20 07:45:00+00:00,2024-10-20 08:45:00+00:00,long,0.5404,0.5382989393425424,47439.58941669306,-125.21013559520881,sl,RANGE
3629,3630,2024-10-20 08:45:00+00:00,2024-10-20 09:00:00+00:00,long,0.5391,0.536643674681444,39350.05042078776,-117.77348079174766,sl,RANGE
3630,3650,2024-10-20 09:00:00+00:00,2024-10-20 14:00:00+00:00,long,0.5379,0.5419213102651316,35017.23707676622,121.83858791483846,tp,RANGE
3659,3664,2024-10-20 16:15:00+00:00,2024-10-20 17:30:00+00:00,long,0.5445,0.5416071614791343,33163.565441143204,-113.89846414049255,sl,TREND_UP
3669,3685,2024-10-20 18:45:00+00:00,2024-10-20 22:45:00+00:00,long,0.5448,0.5486027607524965,36801.31034762343,119.75727817437102,tp,TREND_UP
3687,3714,2024-10-20 23:15:00+00:00,2024-10-21 06:00:00+00:00,long,0.5478,0.5517005963571018,36645.118662188404,122.72068253979015,tp,TREND_UP
3741,3745,2024-10-21 12:45:00+00:00,2024-10-21 13:45:00+00:00,short,0.5508,0.5427683570246948,18180.241751825175,136.1495510094456,tp,TREND_DOWN
3746,3822,2024-10-21 14:00:00+00:00,2024-10-22 09:00:00+00:00,short,0.5446,0.5356286418694035,16697.72680906348,140.85750643792517,tp,TREND_DOWN
3837,3914,2024-10-22 12:45:00+00:00,2024-10-23 08:00:00+00:00,short,0.533,0.5257487887040314,21203.93388467145,142.60626234787497,tp,TREND_DOWN
3916,3944,2024-10-23 08:30:00+00:00,2024-10-23 15:30:00+00:00,long,0.5253,0.52210742514139,32929.18701568671,-122.32146762550838,sl,RANGE
3947,3949,2024-10-23 16:15:00+00:00,2024-10-23 16:45:00+00:00,long,0.5217,0.5182659717987378,29800.719502488595,-117.781210042711,sl,RANGE
3968,3981,2024-10-23 21:30:00+00:00,2024-10-24 00:45:00+00:00,short,0.524,0.527693156147246,26987.742274485776,-113.91119317941889,sl,TREND_DOWN
3983,4005,2024-10-24 01:15:00+00:00,2024-10-24 06:45:00+00:00,long,0.5281,0.5331944428050356,28592.594301783978,130.4179239309343,tp,RANGE
4008,4013,2024-10-24 07:30:00+00:00,2024-10-24 08:45:00+00:00,long,0.5296,0.5267273889453185,34607.97597860329,-117.64422320017985,sl,RANGE
4013,4030,2024-10-24 08:45:00+00:00,2024-10-24 13:00:00+00:00,long,0.5255,0.5301731069355193,31037.95940204723,128.58821197695354,tp,RANGE
4034,4091,2024-10-24 14:00:00+00:00,2024-10-25 04:15:00+00:00,long,0.5294,0.5261419159276394,30367.957155032676,-114.9192126772988,sl,RANGE
4091,4100,2024-10-25 04:15:00+00:00,2024-10-25 06:30:00+00:00,long,0.5258,0.5235536091787926,42878.307916723505,-118.77053019831581,sl,RANGE
4100,4103,2024-10-25 06:30:00+00:00,2024-10-25 07:15:00+00:00,long,0.5235,0.5212392579313851,41355.94225497089,-115.05145909505211,sl,RANGE
4109,4138,2024-10-25 08:45:00+00:00,2024-10-25 16:00:00+00:00,short,0.5253,0.5206634357687968,29362.61249274934,120.85360011493847,tp,RANGE
4143,4145,2024-10-25 17:15:00+00:00,2024-10-25 17:45:00+00:00,long,0.5205,0.5169939340749062,26488.287135865743,-106.56396471443435,sl,RANGE
4187,4329,2024-10-26 04:15:00+00:00,2024-10-27 15:45:00+00:00,short,0.5123,0.5172548497578561,18257.39689369045,-99.90638566500014,sl,TREND_DOWN
4331,4342,2024-10-27 16:15:00+00:00,2024-10-27 19:00:00+00:00,long,0.516,0.5141163057916481,46864.010721330415,-112.37101764254123,sl,RANGE
4342,4353,2024-10-27 19:00:00+00:00,2024-10-27 21:45:00+00:00,long,0.5137,0.5166461725949234,43554.682834854066,105.81725276341267,tp,RANGE
4355,4366,2024-10-27 22:15:00+00:00,2024-10-28 01:00:00+00:00,long,0.5172,0.5150372706432853,40326.48496006326,-107.98491562471062,sl,TREND_UP
4371,4383,2024-10-28 02:15:00+00:00,2024-10-28 05:15:00+00:00,short,0.5154,0.5122429218647334,40213.65663610936,106.3584951308319,tp,RANGE
4383,4390,2024-10-28 05:15:00+00:00,2024-10-28 07:00:00+00:00,long,0.5123,0.5155296487468896,40105.48438889616,108.85106112016659,tp,RANGE
4397,4401,2024-10-28 08:45:00+00:00,2024-10-28 09:45:00+00:00,short,0.5171,0.5196627130390479,34384.33567085008,-105.98544252344556,sl,TREND_DOWN
4404,4423,2024-10-28 10:30:00+00:00,2024-10-28 15:15:00+00:00,long,0.5179,0.5152104182297478,31842.078445034855,-102.04724426567863,sl,RANGE
4425,4439,2024-10-28 15:45:00+00:00,2024-10-28 19:15:00+00:00,long,0.5139,0.5185985846746862,26583.891004717483,111.12029461810133,tp,RANGE
4446,4466,2024-10-28 21:00:00+00:00,2024-10-29 02:00:00+00:00,long,0.5174,0.5224583086490722,25271.377594299756,114.62718666406586,tp,RANGE
4480,4487,2024-10-29 05:30:00+00:00,2024-10-29 07:15:00+00:00,long,0.523,0.526969184246356,32973.269320081854,113.50108430058194,tp,RANGE
4489,4539,2024-10-29 07:45:00+00:00,2024-10-29 20:15:00+00:00,long,0.5259,0.5227664126045183,28458.259110601834,-104.05346407055481,sl,RANGE
4540,4546,2024-10-29 20:30:00+00:00,2024-10-29 22:00:00+00:00,short,0.524,0.5278375164325627,22617.766026773297,-98.73455424242555,sl,TREND_DOWN
4547,4558,2024-10-29 22:15:00+00:00,2024-10-30 01:00:00+00:00,short,0.5281,0.5229440411063496,24607.737939965846,114.0080153633733,tp,TREND_DOWN
4558,4602,2024-10-30 01:00:00+00:00,2024-10-30 12:00:00+00:00,long,0.5233,0.5203584079256917,29441.395922410353,-101.92465481123129,sl,RANGE
4605,4610,2024-10-30 12:45:00+00:00,2024-10-30 14:00:00+00:00,short,0.5219,0.5247329755041394,29741.85623309235,-99.86448287419361,sl,RANGE
4622,4676,2024-10-30 17:00:00+00:00,2024-10-31 06:30:00+00:00,long,0.522,0.5185067194547252,23459.385509129053,-94.11406402390591,sl,RANGE
4676,4683,2024-10-31 06:30:00+00:00,2024-10-31 08:15:00+00:00,long,0.5184,0.5162375002039649,36912.38162625707,-98.8785733552648,sl,RANGE
4683,4687,2024-10-31 08:15:00+00:00,2024-10-31 09:15:00+00:00,long,0.5158,0.5193236412482883,32975.57834630813,99.06911062814089,tp,RANGE
4687,4705,2024-10-31 09:15:00+00:00,2024-10-31 13:45:00+00:00,short,0.5193,0.515584888648158,31938.72431519349,102.18879364711395,tp,RANGE
4705,4706,2024-10-31 13:45:00+00:00,2024-10-31 14:00:00+00:00,long,0.5145,0.5115866286017684,27739.685086407742,-95.00725709852088,sl,RANGE
4728,4759,2024-10-31 19:30:00+00:00,2024-11-01 03:15:00+00:00,short,0.5078,0.5123684570014988,17211.59214136944,-87.44909553319303,sl,TREND_DOWN
4792,4807,2024-11-01 11:30:00+00:00,2024-11-01 15:15:00+00:00,short,0.5183,0.5232016711326518,15649.078387523357,-84.89425974876697,sl,TREND_DOWN
4817,4902,2024-11-01 17:45:00+00:00,2024-11-02 15:00:00+00:00,short,0.5159,0.5072958463144734,13048.325549279365,105.65043701227428,tp,TREND_DOWN
4904,4947,2024-11-02 15:30:00+00:00,2024-11-03 02:15:00+00:00,short,0.51,0.5048206038561868,22249.188774308288,104.00551362826862,tp,TREND_DOWN
4957,4992,2024-11-03 04:45:00+00:00,2024-11-03 13:30:00+00:00,short,0.5047,0.4993167756537224,21923.12780774822,107.0705298720172,tp,TREND_DOWN
4992,4993,2024-11-03 13:30:00+00:00,2024-11-03 13:45:00+00:00,long,0.4991,0.49599276288793476,25938.86225800877,-93.46368341035233,sl,RANGE
5003,5020,2024-11-03 16:15:00+00:00,2024-11-03 20:30:00+00:00,short,0.4985,0.5036501800441174,15236.360552325928,-86.14379579696316,sl,TREND_DOWN
5021,5044,2024-11-03 20:45:00+00:00,2024-11-04 02:30:00+00:00,short,0.5036,0.5077013662659804,18675.537043900626,-86.07681330385958,sl,TREND_DOWN
5047,5074,2024-11-04 03:15:00+00:00,2024-11-04 10:00:00+00:00,long,0.5069,0.512024491330732,21861.364339083113,100.83481807809042,tp,RANGE
5075,5092,2024-11-04 10:15:00+00:00,2024-11-04 14:30:00+00:00,long,0.5125,0.5090497278779738,22166.55512977808,-87.76452606243578,sl,TREND_UP
5092,5100,2024-11-04 14:30:00+00:00,2024-11-04 16:30:00+00:00,long,0.509,0.5136989925084473,23781.102872704134,99.53089565500336,tp,RANGE
5103,5119,2024-11-04 17:15:00+00:00,2024-11-04 21:15:00+00:00,short,0.5087,0.5028102772598676,19418.573456933565,104.60615536636199,tp,TREND_DOWN
5128,5152,2024-11-04 23:30:00+00:00,2024-11-05 05:30:00+00:00,short,0.5033,0.5084280481652207,15238.007094219629,-85.88866452597519,sl,TREND_DOWN
5162,5167,2024-11-05 08:00:00+00:00,2024-11-05 09:15:00+00:00,long,0.5147,0.5112974767898109,22415.73989056274,-87.73118649762486,sl,TREND_UP
5169,5181,2024-11-05 09:45:00+00:00,2024-11-05 12:45:00+00:00,long,0.511,0.5076365322084593,22085.748548461306,-85.49623669918596,sl,RANGE
5181,5188,2024-11-05 12:45:00+00:00,2024-11-05 14:30:00+00:00,long,0.5076,0.5117684673502795,26034.41147469431,95.20000335723242,tp,RANGE
5189,5191,2024-11-05 14:45:00+00:00,2024-11-05 15:15:00+00:00,long,0.5126,0.5090570948759818,20883.64179750002,-84.61972755638766,sl,TREND_UP
5194,5198,2024-11-05 16:00:00+00:00,2024-11-05 17:00:00+00:00,short,0.5104,0.5142733270962472,18609.90979964614,-81.65284811531103,sl,TREND_DOWN
5205,5209,2024-11-05 18:45:00+00:00,2024-11-05 19:45:00+00:00,long,0.5139,0.5108945797160288,23377.509408204303,-82.20268380805722,sl,TREND_UP
5218,5224,2024-11-05 22:00:00+00:00,2024-11-05 23:30:00+00:00,short,0.5117,0.5153825207167609,18567.421205556308,-77.94423759041612,sl,TREND_DOWN
5225,5228,2024-11-05 23:45:00+00:00,2024-11-06 00:30:00+00:00,short,0.514,0.5175782290397872,18619.82806718897,-76.26322714190165,sl,TREND_DOWN
5271,5306,2024-11-06 11:15:00+00:00,2024-11-06 20:00:00+00:00,short,0.5353,0.5417542084406747,10056.900660572192,-70.35770138722658,sl,TREND_DOWN
5324,5327,2024-11-07 00:30:00+00:00,2024-11-07 01:15:00+00:00,short,0.5398,0.5443752031656559,13856.10816152359,-70.93743161978884,sl,TREND_DOWN
5364,5402,2024-11-07 10:30:00+00:00,2024-11-07 20:00:00+00:00,short,0.5495,0.5561075485795471,9356.899915884436,-67.02961342269373,sl,TREND_DOWN
5405,5428,2024-11-07 20:45:00+00:00,2024-11-08 02:30:00+00:00,short,0.5565,0.5491055491075345,12248.931062176194,83.8481632075804,tp,TREND_DOWN
5432,5474,2024-11-08 03:30:00+00:00,2024-11-08 14:00:00+00:00,short,0.549,0.5538374822811801,12800.745348872188,-69.01291138640947,sl,TREND_DOWN
5494,5538,2024-11-08 19:00:00+00:00,2024-11-09 06:00:00+00:00,short,0.5497,0.5556076090933446,10224.537108837636,-66.08339901653645,sl,TREND_DOWN
5541,5548,2024-11-09 06:45:00+00:00,2024-11-09 08:30:00+00:00,short,0.5525,0.5566773225589995,14116.33672651459,-66.82673639135992,sl,TREND_DOWN
5550,5565,2024-11-09 09:00:00+00:00,2024-11-09 12:45:00+00:00,short,0.5554,0.5489039717292915,13271.795291120157,78.9290162668985,tp,TREND_DOWN
5565,5573,2024-11-09 12:45:00+00:00,2024-11-09 14:45:00+00:00,long,0.5488,0.5453080817927238,16869.561466230003,-68.10623703652658,sl,RANGE
5575,5590,2024-11-09 15:15:00+00:00,2024-11-09 19:00:00+00:00,short,0.5474,0.5511537823372248,15280.546028599865,-65.78177452514942,sl,RANGE
5592,5605,2024-11-09 19:30:00+00:00,2024-11-09 22:45:00+00:00,long,0.5498,0.5553398365588302,15129.575471270564,75.41331934590666,tp,RANGE
5748,5768,2024-11-11 10:30:00+00:00,2024-11-11 15:30:00+00:00,short,0.586,0.5935520945214545,7576.549563749289,-61.715895314728904,sl,TREND_DOWN
8911,8925,2024-12-14 09:15:00+00:00,2024-12-14 12:45:00+00:00,short,2.4581,2.4078706785095774,1669.215362447108,79.82430034975393,tp,TREND_DOWN
8966,8978,2024-12-14 23:00:00+00:00,2024-12-15 02:00:00+00:00,short,2.4002,2.4280581727665793,2060.8001790755543,-62.413870143327834,sl,TREND_DOWN
9013,9055,2024-12-15 10:45:00+00:00,2024-12-15 21:15:00+00:00,short,2.4133,2.372186433801042,2045.416947052967,79.24227472386717,tp,TREND_DOWN
9078,9112,2024-12-16 03:00:00+00:00,2024-12-16 11:30:00+00:00,short,2.4172,2.368010548171675,1754.9202918254882,82.16789739505609,tp,TREND_DOWN
9855,9876,2024-12-24 05:15:00+00:00,2024-12-24 10:30:00+00:00,short,2.2649,2.2239709291424306,2166.2193258137904,83.84373547251238,tp,TREND_DOWN
9877,9886,2024-12-24 10:45:00+00:00,2024-12-24 13:00:00+00:00,short,2.2282,2.2519094042335563,2559.588236020946,-66.45027297893672,sl,TREND_DOWN
9924,9961,2024-12-24 22:30:00+00:00,2024-12-25 07:45:00+00:00,short,2.3257,2.2801614356630844,1951.4199252496578,84.41530935598156,tp,TREND_DOWN
9982,10012,2024-12-25 13:00:00+00:00,2024-12-25 20:30:00+00:00,short,2.2868,2.3144359536297885,2201.50821879667,-65.93602882405764,sl,TREND_DOWN
10031,10046,2024-12-26 01:15:00+00:00,2024-12-26 05:00:00+00:00,short,2.2794,2.2418218882101417,2371.9141594785033,83.81464636115615,tp,TREND_DOWN
10047,10058,2024-12-26 05:15:00+00:00,2024-12-26 08:00:00+00:00,short,2.2493,2.2147702085162555,2649.4309599489056,85.61641783799689,tp,TREND_DOWN
10195,10287,2024-12-27 18:15:00+00:00,2024-12-28 17:15:00+00:00,short,2.1684,2.2007156974422677,1936.6029022213947,-66.8445858606348,sl,TREND_DOWN
10289,10371,2024-12-28 17:45:00+00:00,2024-12-29 14:15:00+00:00,short,2.1943,2.1658911401991077,3229.369054449308,84.74823088972614,tp,TREND_DOWN
10375,10382,2024-12-29 15:15:00+00:00,2024-12-29 17:00:00+00:00,short,2.1669,2.1403993574999562,3549.8216129756825,86.4745176047448,tp,TREND_DOWN
10382,10395,2024-12-29 17:00:00+00:00,2024-12-29 20:15:00+00:00,short,2.1511,2.122360685006497,3355.5436446813587,89.31435187064999,tp,TREND_DOWN
